{
    "novos": {
        "R68D_X79Y_F37X_T12D": 1,
        "N43C_H37E_O68Z_G52T": 25,
        "E47B_C59K_L98W_X51T": 300,
        "N68H_E96X_Z93J_R89M": 300,
        "Z30W_G45E_C52J_F63F": 10,
        "Y47T_B47O_B81I_Z47B": 10,
        "N17P_F90N_N62Z_T94P": 10,
        "I51H_U57G_W95K_P39T": 100
    },
    "usados": {
        "O39L_P59S_J27O_M10R": 10,
        "Z92K_Y82O_Q67G_U28Y": 10,
        "D63U_V46F_T99Z_R24X": 50,
        "R25P_G70P_C58U_A91O": 10,
        "R80D_L99Q_Q31E_Z23E": 10,
        "R54G_I41J_V25N_E25Z": 10,
        "R12O_M23P_M36Q_J46J": 10,
        "D33A_E53R_D96Z_Q30M": 10,
        "N92X_D23G_I18F_G86B": 10,
        "U58Y_O77F_A96J_W37C": 10,
        "P20A_Y60O_W22W_S89K": 10,
        "U52I_V55B_Z28J_I18D": 5,
        "Z61E_L22Z_P46I_U82X": 30,
        "F61A_N81K_S38C_C39X": 13,
        "K62E_I42N_L42R_A19L": 30,
        "B87R_N89R_P98P_P69T": 240,
        "S74J_L14J_C56B_J85M": 220,
        "J15S_G56H_N50N_T49Q": 230,
        "T56G_C90X_R63T_H96Z": 170,
        "K34Z_Q61S_S93M_T82P": 2000,
        "S57V_F97M_E11F_Q18V": 65,
        "U70G_N45E_Q71C_M11O": 65,
        "V66O_A72Y_F39Z_S74A": 20,
        "J34C_V74Q_Z27D_B48E": 15,
        "U20L_Y68B_E41U_V11P": 10,
        "H46L_Z11X_E81L_B21J": 30,
        "K55G_G19V_F68V_R84N": 25,
        "G93T_Q51R_Z32O_E53A": 20,
        "F13C_J83K_Z25K_W69W": 20,
        "X24M_Z90U_D82S_C72T": 5,
        "N14Q_B98P_X77Z_I72H": 10,
        "P66L_D51U_S75N_C46P": 35,
        "L34F_O44U_A55P_F52O": 20,
        "Q53G_K82Q_K69V_D49P": 20,
        "B47A_N78Q_A62J_M82S": 999,
        "M41O_R94W_G22Q_T79T": 80,
        "Q62I_O69J_Q15Q_I89D": 40,
        "C46T_F42W_H44H_A52A": 120,
        "G29H_Q10W_A31D_P39Q": 20,
        "H47X_K39R_D68L_U36F": 80,
        "Z20K_E14J_B38O_O97C": 80,
        "E32W_F78L_F83V_U73J": 80,
        "E44U_E32P_T53K_E83C": 50,
        "H85R_R83Q_U93P_A31Z": 80,
        "G47N_B81J_I46S_G73A": 8,
        "C37M_O73Y_O88K_Q90F": 12,
        "P49U_Z85Q_R74T_E13Z": 30,
        "T76F_X80S_B72S_B46T": 120,
        "O84I_B50R_A55Q_T84Q": 24,
        "C21I_A30L_U39E_Y47Q": 8,
        "M72K_G74Q_P50C_D92K": 40,
        "Q44X_X88X_T84E_I18M": 4,
        "A90T_F45K_O22Y_D76D": 20,
        "G52U_D41B_X40E_B23M": 25,
        "Q82Y_A60G_N43Q_D88I": 60,
        "Y53D_V90M_E74K_H76R": 120,
        "M22C_I83P_B45Y_G12O": 120,
        "S35F_F79K_P67Y_G35V": 40,
        "Q17X_A22U_F42Y_T98D": 32,
        "L15K_R17A_A71E_I66D": 30,
        "K17H_Y28G_P59B_G36N": 25,
        "U38N_I43F_L42E_F11G": 20,
        "R24V_R88P_D39L_D97J": 40,
        "O13K_A84W_M87L_W19Z": 20,
        "H35H_S85U_J81H_N43B": 40,
        "Z62K_Q80S_M23E_R82V": 42,
        "Z77Q_F49S_B98H_G96N": 40,
        "D59T_G10J_A33E_E38J": 140,
        "F21Y_X46R_J85Y_N46Z": 50,
        "C92I_R58X_R85B_C89M": 20,
        "J29C_B79P_V75A_J80B": 140,
        "C95K_V20E_Z66R_B24J": 25,
        "V91H_J21B_H90Z_H23N": 140,
        "H62U_V24S_H33E_R61U": 20,
        "E13A_H28O_L30Z_Y78W": 20,
        "P80S_T25C_P87P_V28A": 5,
        "C96K_D86I_P62Q_O48U": 20,
        "Z24N_Q98T_V46G_T86C": 12,
        "K24G_D83V_R82Q_M88S": 12,
        "H46R_M87L_M96S_A57G": 12,
        "P12H_H31A_W19J_A80R": 15,
        "T58F_Y98O_J69C_A80M": 12,
        "P60C_A87M_M75O_K74F": 100,
        "V71B_L83R_S70Z_O53K": 100,
        "X80C_P82E_U57P_H27R": 20,
        "S76J_K68C_V25R_W84B": 20,
        "V58V_P79B_T57R_L80K": 10,
        "M25N_L94W_N44J_W87M": 45,
        "Z42O_B63Y_R22D_P61W": 26,
        "W33V_K68M_H37A_I21Y": 50,
        "S62I_P19C_T76I_A43M": 50,
        "L47Z_F35H_N58M_C47C": 50,
        "B87C_V88N_O99I_H11Y": 50,
        "R22O_K88M_A88B_M50E": 35,
        "C73G_S49C_J59R_Y43K": 5,
        "A69Q_O99G_L23N_S39Q": 5,
        "O86Q_K64Z_I11C_G28E": 50,
        "R77R_B35U_H54V_M70W": 50,
        "I18F_F23D_P66H_X81R": 70,
        "Y91W_N81M_L52V_O34I": 30,
        "J63U_C67G_N74C_X57C": 10,
        "A24J_A33X_Y62Q_V76X": 10,
        "D10W_G57B_W28B_G81F": 10,
        "F71N_I42I_E18P_I57B": 30,
        "L44O_G14D_V74Q_P54E": 20,
        "M26G_L36M_G92N_A62B": 50,
        "H72V_H90R_C97U_E83E": 10,
        "M52Q_Y13T_U20U_J28C": 50,
        "P10B_L67A_J28O_F86E": 900,
        "H45P_G74M_U79J_P17Z": 800,
        "K22G_G13I_G66W_W97D": 5,
        "J84B_Z65O_H41R_F49C": 215,
        "O41V_A45P_F37C_I66L": 900,
        "G71M_P44D_T88X_N75C": 5,
        "K85A_W26O_Z11Q_U85U": 999,
        "D47Q_R98W_T49M_Y86T": 999,
        "Y59H_G38G_B69J_G36A": 999,
        "E88Z_W27R_W98I_R35F": 1,
        "I99F_P52U_G48H_H33I": 1,
        "S91N_H25G_V68X_C66K": 1,
        "I62E_L59P_X31B_J59C": 1,
        "O63F_Q94Q_K78R_S31F": 1,
        "J43Z_R33Z_W58D_Z13J": 430,
        "Q94G_S21O_X64G_N31P": 2,
        "L15I_K81Y_G85A_G58Y": 25,
        "N60D_O76A_H27Q_R80O": 10,
        "M48T_A81T_B63X_S17N": 1932,
        "G67P_H19O_X32P_K82F": 1000,
        "K63I_D74L_U76H_O21Q": 1000,
        "L95A_W68Y_A68Y_W30M": 1000,
        "Y49G_U19F_D38C_E92L": 1000,
        "Y46P_M99G_O40V_H10D": 1000,
        "X20B_V15H_E38U_K91K": 15,
        "Q76X_E61J_P84Y_A18Z": 15,
        "W66B_X56N_N48F_J40B": 2,
        "D72X_R93A_V79J_R40X": 100,
        "L13I_C57R_M90B_E57T": 40,
        "K52B_G36P_U95W_J67P": 20,
        "N84P_O56B_L39F_T49L": 1000,
        "D55L_R54U_Z72Z_D73G": 20,
        "I79Z_F27N_X12H_R81C": 10,
        "U53G_K97Q_G38S_N67V": 7,
        "W97E_N12Z_N97E_J82V": 32,
        "Q13K_X66O_Z39K_Z83U": 100,
        "Y20Q_C64W_R39P_B69T": 7,
        "U63P_Q11J_F31V_A72Q": 7,
        "B92X_A45G_U20F_C45U": 22,
        "M16O_N12N_Q14K_U37A": 20,
        "D58O_I31V_N25J_S19P": 500,
        "I83G_C36M_N38X_M49L": 10,
        "G51J_A78M_I12W_Y24E": 1,
        "X44C_R91Z_O56J_U16W": 10,
        "W80D_W41L_R51R_E20E": 400,
        "K32Z_R80Y_K37B_J54D": 10,
        "X96Z_M95L_C76F_C27K": 10,
        "B11W_A76J_M22H_N41Q": 400,
        "N23F_H58C_T86I_Q44F": 420,
        "H87D_K95C_E59Z_W88T": 10
    }
}